run_id,replicate_id,time_s,channel,value,unit,source,modality
doi10.1038-s41467-024-48910-0_supp-s2b_transwell__FI1_remove_one_source_cell,unverified_source_series_J,0.000,barrier_TEER,74.55600000,Ohm.cm2,synthetic_fault_injection:FI1_remove_one_source_cell | parent_csv_sha256=70732bd81fbf613179e43f998ab64953fe7d213f02576ebb443bc5d3285fd8f5 | parent_cell=Supp Fig. S2b!J3,TEER
doi10.1038-s41467-024-48910-0_supp-s2b_transwell__FI1_remove_one_source_cell,unverified_source_series_J,86400.000,barrier_TEER,377.34000000,Ohm.cm2,synthetic_fault_injection:FI1_remove_one_source_cell | parent_csv_sha256=70732bd81fbf613179e43f998ab64953fe7d213f02576ebb443bc5d3285fd8f5 | parent_cell=Supp Fig. S2b!J4,TEER
doi10.1038-s41467-024-48910-0_supp-s2b_transwell__FI1_remove_one_source_cell,unverified_source_series_J,259200.000,barrier_TEER,187.91000000,Ohm.cm2,synthetic_fault_injection:FI1_remove_one_source_cell | parent_csv_sha256=70732bd81fbf613179e43f998ab64953fe7d213f02576ebb443bc5d3285fd8f5 | parent_cell=Supp Fig. S2b!J6,TEER
doi10.1038-s41467-024-48910-0_supp-s2b_transwell__FI1_remove_one_source_cell,unverified_source_series_J,345600.000,barrier_TEER,118.94000000,Ohm.cm2,synthetic_fault_injection:FI1_remove_one_source_cell | parent_csv_sha256=70732bd81fbf613179e43f998ab64953fe7d213f02576ebb443bc5d3285fd8f5 | parent_cell=Supp Fig. S2b!J7,TEER
doi10.1038-s41467-024-48910-0_supp-s2b_transwell__FI1_remove_one_source_cell,unverified_source_series_J,432000.000,barrier_TEER,159.22000000,Ohm.cm2,synthetic_fault_injection:FI1_remove_one_source_cell | parent_csv_sha256=70732bd81fbf613179e43f998ab64953fe7d213f02576ebb443bc5d3285fd8f5 | parent_cell=Supp Fig. S2b!J8,TEER
doi10.1038-s41467-024-48910-0_supp-s2b_transwell__FI1_remove_one_source_cell,unverified_source_series_J,518400.000,barrier_TEER,27.43600000,Ohm.cm2,synthetic_fault_injection:FI1_remove_one_source_cell | parent_csv_sha256=70732bd81fbf613179e43f998ab64953fe7d213f02576ebb443bc5d3285fd8f5 | parent_cell=Supp Fig. S2b!J9,TEER
doi10.1038-s41467-024-48910-0_supp-s2b_transwell__FI1_remove_one_source_cell,unverified_source_series_J,604800.000,barrier_TEER,94.24000000,Ohm.cm2,synthetic_fault_injection:FI1_remove_one_source_cell | parent_csv_sha256=70732bd81fbf613179e43f998ab64953fe7d213f02576ebb443bc5d3285fd8f5 | parent_cell=Supp Fig. S2b!J10,TEER
doi10.1038-s41467-024-48910-0_supp-s2b_transwell__FI1_remove_one_source_cell,unverified_source_series_K,0.000,barrier_TEER,88.99600000,Ohm.cm2,synthetic_fault_injection:FI1_remove_one_source_cell | parent_csv_sha256=70732bd81fbf613179e43f998ab64953fe7d213f02576ebb443bc5d3285fd8f5 | parent_cell=Supp Fig. S2b!K3,TEER
doi10.1038-s41467-024-48910-0_supp-s2b_transwell__FI1_remove_one_source_cell,unverified_source_series_K,86400.000,barrier_TEER,342.76000000,Ohm.cm2,synthetic_fault_injection:FI1_remove_one_source_cell | parent_csv_sha256=70732bd81fbf613179e43f998ab64953fe7d213f02576ebb443bc5d3285fd8f5 | parent_cell=Supp Fig. S2b!K4,TEER
doi10.1038-s41467-024-48910-0_supp-s2b_transwell__FI1_remove_one_source_cell,unverified_source_series_K,259200.000,barrier_TEER,195.01600000,Ohm.cm2,synthetic_fault_injection:FI1_remove_one_source_cell | parent_csv_sha256=70732bd81fbf613179e43f998ab64953fe7d213f02576ebb443bc5d3285fd8f5 | parent_cell=Supp Fig. S2b!K6,TEER
doi10.1038-s41467-024-48910-0_supp-s2b_transwell__FI1_remove_one_source_cell,unverified_source_series_K,345600.000,barrier_TEER,175.94000000,Ohm.cm2,synthetic_fault_injection:FI1_remove_one_source_cell | parent_csv_sha256=70732bd81fbf613179e43f998ab64953fe7d213f02576ebb443bc5d3285fd8f5 | parent_cell=Supp Fig. S2b!K7,TEER
doi10.1038-s41467-024-48910-0_supp-s2b_transwell__FI1_remove_one_source_cell,unverified_source_series_K,432000.000,barrier_TEER,83.33400000,Ohm.cm2,synthetic_fault_injection:FI1_remove_one_source_cell | parent_csv_sha256=70732bd81fbf613179e43f998ab64953fe7d213f02576ebb443bc5d3285fd8f5 | parent_cell=Supp Fig. S2b!K8,TEER
doi10.1038-s41467-024-48910-0_supp-s2b_transwell__FI1_remove_one_source_cell,unverified_source_series_K,518400.000,barrier_TEER,58.25400000,Ohm.cm2,synthetic_fault_injection:FI1_remove_one_source_cell | parent_csv_sha256=70732bd81fbf613179e43f998ab64953fe7d213f02576ebb443bc5d3285fd8f5 | parent_cell=Supp Fig. S2b!K9,TEER
doi10.1038-s41467-024-48910-0_supp-s2b_transwell__FI1_remove_one_source_cell,unverified_source_series_K,604800.000,barrier_TEER,103.70200000,Ohm.cm2,synthetic_fault_injection:FI1_remove_one_source_cell | parent_csv_sha256=70732bd81fbf613179e43f998ab64953fe7d213f02576ebb443bc5d3285fd8f5 | parent_cell=Supp Fig. S2b!K10,TEER
doi10.1038-s41467-024-48910-0_supp-s2b_transwell__FI1_remove_one_source_cell,unverified_source_series_L,0.000,barrier_TEER,62.43400000,Ohm.cm2,synthetic_fault_injection:FI1_remove_one_source_cell | parent_csv_sha256=70732bd81fbf613179e43f998ab64953fe7d213f02576ebb443bc5d3285fd8f5 | parent_cell=Supp Fig. S2b!L3,TEER
doi10.1038-s41467-024-48910-0_supp-s2b_transwell__FI1_remove_one_source_cell,unverified_source_series_L,86400.000,barrier_TEER,416.17600000,Ohm.cm2,synthetic_fault_injection:FI1_remove_one_source_cell | parent_csv_sha256=70732bd81fbf613179e43f998ab64953fe7d213f02576ebb443bc5d3285fd8f5 | parent_cell=Supp Fig. S2b!L4,TEER
doi10.1038-s41467-024-48910-0_supp-s2b_transwell__FI1_remove_one_source_cell,unverified_source_series_L,259200.000,barrier_TEER,123.72800000,Ohm.cm2,synthetic_fault_injection:FI1_remove_one_source_cell | parent_csv_sha256=70732bd81fbf613179e43f998ab64953fe7d213f02576ebb443bc5d3285fd8f5 | parent_cell=Supp Fig. S2b!L6,TEER
doi10.1038-s41467-024-48910-0_supp-s2b_transwell__FI1_remove_one_source_cell,unverified_source_series_L,345600.000,barrier_TEER,78.62200000,Ohm.cm2,synthetic_fault_injection:FI1_remove_one_source_cell | parent_csv_sha256=70732bd81fbf613179e43f998ab64953fe7d213f02576ebb443bc5d3285fd8f5 | parent_cell=Supp Fig. S2b!L7,TEER
doi10.1038-s41467-024-48910-0_supp-s2b_transwell__FI1_remove_one_source_cell,unverified_source_series_L,432000.000,barrier_TEER,128.21200000,Ohm.cm2,synthetic_fault_injection:FI1_remove_one_source_cell | parent_csv_sha256=70732bd81fbf613179e43f998ab64953fe7d213f02576ebb443bc5d3285fd8f5 | parent_cell=Supp Fig. S2b!L8,TEER
doi10.1038-s41467-024-48910-0_supp-s2b_transwell__FI1_remove_one_source_cell,unverified_source_series_L,604800.000,barrier_TEER,80.71200000,Ohm.cm2,synthetic_fault_injection:FI1_remove_one_source_cell | parent_csv_sha256=70732bd81fbf613179e43f998ab64953fe7d213f02576ebb443bc5d3285fd8f5 | parent_cell=Supp Fig. S2b!L10,TEER
doi10.1038-s41467-024-48910-0_supp-s2b_transwell__FI1_remove_one_source_cell,unverified_source_series_L,691200.000,barrier_TEER,61.67400000,Ohm.cm2,synthetic_fault_injection:FI1_remove_one_source_cell | parent_csv_sha256=70732bd81fbf613179e43f998ab64953fe7d213f02576ebb443bc5d3285fd8f5 | parent_cell=Supp Fig. S2b!L11,TEER
doi10.1038-s41467-024-48910-0_supp-s2b_transwell__FI1_remove_one_source_cell,unverified_source_series_M,0.000,barrier_TEER,56.88600000,Ohm.cm2,synthetic_fault_injection:FI1_remove_one_source_cell | parent_csv_sha256=70732bd81fbf613179e43f998ab64953fe7d213f02576ebb443bc5d3285fd8f5 | parent_cell=Supp Fig. S2b!M3,TEER
doi10.1038-s41467-024-48910-0_supp-s2b_transwell__FI1_remove_one_source_cell,unverified_source_series_M,86400.000,barrier_TEER,397.70800000,Ohm.cm2,synthetic_fault_injection:FI1_remove_one_source_cell | parent_csv_sha256=70732bd81fbf613179e43f998ab64953fe7d213f02576ebb443bc5d3285fd8f5 | parent_cell=Supp Fig. S2b!M4,TEER
doi10.1038-s41467-024-48910-0_supp-s2b_transwell__FI1_remove_one_source_cell,unverified_source_series_M,259200.000,barrier_TEER,269.49600000,Ohm.cm2,synthetic_fault_injection:FI1_remove_one_source_cell | parent_csv_sha256=70732bd81fbf613179e43f998ab64953fe7d213f02576ebb443bc5d3285fd8f5 | parent_cell=Supp Fig. S2b!M6,TEER
doi10.1038-s41467-024-48910-0_supp-s2b_transwell__FI1_remove_one_source_cell,unverified_source_series_M,345600.000,barrier_TEER,211.85000000,Ohm.cm2,synthetic_fault_injection:FI1_remove_one_source_cell | parent_csv_sha256=70732bd81fbf613179e43f998ab64953fe7d213f02576ebb443bc5d3285fd8f5 | parent_cell=Supp Fig. S2b!M7,TEER
doi10.1038-s41467-024-48910-0_supp-s2b_transwell__FI1_remove_one_source_cell,unverified_source_series_M,691200.000,barrier_TEER,61.37000000,Ohm.cm2,synthetic_fault_injection:FI1_remove_one_source_cell | parent_csv_sha256=70732bd81fbf613179e43f998ab64953fe7d213f02576ebb443bc5d3285fd8f5 | parent_cell=Supp Fig. S2b!M11,TEER
doi10.1038-s41467-024-48910-0_supp-s2b_transwell__FI1_remove_one_source_cell,unverified_source_series_N,86400.000,barrier_TEER,369.32200000,Ohm.cm2,synthetic_fault_injection:FI1_remove_one_source_cell | parent_csv_sha256=70732bd81fbf613179e43f998ab64953fe7d213f02576ebb443bc5d3285fd8f5 | parent_cell=Supp Fig. S2b!N4,TEER
doi10.1038-s41467-024-48910-0_supp-s2b_transwell__FI1_remove_one_source_cell,unverified_source_series_N,259200.000,barrier_TEER,278.73000000,Ohm.cm2,synthetic_fault_injection:FI1_remove_one_source_cell | parent_csv_sha256=70732bd81fbf613179e43f998ab64953fe7d213f02576ebb443bc5d3285fd8f5 | parent_cell=Supp Fig. S2b!N6,TEER
doi10.1038-s41467-024-48910-0_supp-s2b_transwell__FI1_remove_one_source_cell,unverified_source_series_N,345600.000,barrier_TEER,114.64600000,Ohm.cm2,synthetic_fault_injection:FI1_remove_one_source_cell | parent_csv_sha256=70732bd81fbf613179e43f998ab64953fe7d213f02576ebb443bc5d3285fd8f5 | parent_cell=Supp Fig. S2b!N7,TEER
doi10.1038-s41467-024-48910-0_supp-s2b_transwell__FI1_remove_one_source_cell,unverified_source_series_N,691200.000,barrier_TEER,55.86000000,Ohm.cm2,synthetic_fault_injection:FI1_remove_one_source_cell | parent_csv_sha256=70732bd81fbf613179e43f998ab64953fe7d213f02576ebb443bc5d3285fd8f5 | parent_cell=Supp Fig. S2b!N11,TEER
doi10.1038-s41467-024-48910-0_supp-s2b_transwell__FI1_remove_one_source_cell,unverified_source_series_O,259200.000,barrier_TEER,244.07400000,Ohm.cm2,synthetic_fault_injection:FI1_remove_one_source_cell | parent_csv_sha256=70732bd81fbf613179e43f998ab64953fe7d213f02576ebb443bc5d3285fd8f5 | parent_cell=Supp Fig. S2b!O6,TEER
doi10.1038-s41467-024-48910-0_supp-s2b_transwell__FI1_remove_one_source_cell,unverified_source_series_O,345600.000,barrier_TEER,161.84200000,Ohm.cm2,synthetic_fault_injection:FI1_remove_one_source_cell | parent_csv_sha256=70732bd81fbf613179e43f998ab64953fe7d213f02576ebb443bc5d3285fd8f5 | parent_cell=Supp Fig. S2b!O7,TEER
doi10.1038-s41467-024-48910-0_supp-s2b_transwell__FI1_remove_one_source_cell,unverified_source_series_O,691200.000,barrier_TEER,44.84000000,Ohm.cm2,synthetic_fault_injection:FI1_remove_one_source_cell | parent_csv_sha256=70732bd81fbf613179e43f998ab64953fe7d213f02576ebb443bc5d3285fd8f5 | parent_cell=Supp Fig. S2b!O11,TEER
doi10.1038-s41467-024-48910-0_supp-s2b_transwell__FI1_remove_one_source_cell,unverified_source_series_P,259200.000,barrier_TEER,251.44600000,Ohm.cm2,synthetic_fault_injection:FI1_remove_one_source_cell | parent_csv_sha256=70732bd81fbf613179e43f998ab64953fe7d213f02576ebb443bc5d3285fd8f5 | parent_cell=Supp Fig. S2b!P6,TEER
doi10.1038-s41467-024-48910-0_supp-s2b_transwell__FI1_remove_one_source_cell,unverified_source_series_Q,259200.000,barrier_TEER,216.22000000,Ohm.cm2,synthetic_fault_injection:FI1_remove_one_source_cell | parent_csv_sha256=70732bd81fbf613179e43f998ab64953fe7d213f02576ebb443bc5d3285fd8f5 | parent_cell=Supp Fig. S2b!Q6,TEER
