run_id,replicate_id,time_s,channel,value,unit,source,modality
doi10.1038-s41467-024-48910-0_supp-s2b_transwell,unverified_source_series_J,0,barrier_TEER,74.556,Ohm.cm2,"https://www.nature.com/articles/s41467-024-48910-0 | Source Data, Supp Fig. S2b, J3",TEER
doi10.1038-s41467-024-48910-0_supp-s2b_transwell,unverified_source_series_J,86400,barrier_TEER,377.34,Ohm.cm2,"https://www.nature.com/articles/s41467-024-48910-0 | Source Data, Supp Fig. S2b, J4",TEER
doi10.1038-s41467-024-48910-0_supp-s2b_transwell,unverified_source_series_J,259200,barrier_TEER,187.91,Ohm.cm2,"https://www.nature.com/articles/s41467-024-48910-0 | Source Data, Supp Fig. S2b, J6",TEER
doi10.1038-s41467-024-48910-0_supp-s2b_transwell,unverified_source_series_J,345600,barrier_TEER,118.94,Ohm.cm2,"https://www.nature.com/articles/s41467-024-48910-0 | Source Data, Supp Fig. S2b, J7",TEER
doi10.1038-s41467-024-48910-0_supp-s2b_transwell,unverified_source_series_J,432000,barrier_TEER,159.22,Ohm.cm2,"https://www.nature.com/articles/s41467-024-48910-0 | Source Data, Supp Fig. S2b, J8",TEER
doi10.1038-s41467-024-48910-0_supp-s2b_transwell,unverified_source_series_J,518400,barrier_TEER,27.436,Ohm.cm2,"https://www.nature.com/articles/s41467-024-48910-0 | Source Data, Supp Fig. S2b, J9",TEER
doi10.1038-s41467-024-48910-0_supp-s2b_transwell,unverified_source_series_J,604800,barrier_TEER,94.24,Ohm.cm2,"https://www.nature.com/articles/s41467-024-48910-0 | Source Data, Supp Fig. S2b, J10",TEER
doi10.1038-s41467-024-48910-0_supp-s2b_transwell,unverified_source_series_K,0,barrier_TEER,88.996,Ohm.cm2,"https://www.nature.com/articles/s41467-024-48910-0 | Source Data, Supp Fig. S2b, K3",TEER
doi10.1038-s41467-024-48910-0_supp-s2b_transwell,unverified_source_series_K,86400,barrier_TEER,342.76,Ohm.cm2,"https://www.nature.com/articles/s41467-024-48910-0 | Source Data, Supp Fig. S2b, K4",TEER
doi10.1038-s41467-024-48910-0_supp-s2b_transwell,unverified_source_series_K,259200,barrier_TEER,195.016,Ohm.cm2,"https://www.nature.com/articles/s41467-024-48910-0 | Source Data, Supp Fig. S2b, K6",TEER
doi10.1038-s41467-024-48910-0_supp-s2b_transwell,unverified_source_series_K,345600,barrier_TEER,175.94,Ohm.cm2,"https://www.nature.com/articles/s41467-024-48910-0 | Source Data, Supp Fig. S2b, K7",TEER
doi10.1038-s41467-024-48910-0_supp-s2b_transwell,unverified_source_series_K,432000,barrier_TEER,83.334,Ohm.cm2,"https://www.nature.com/articles/s41467-024-48910-0 | Source Data, Supp Fig. S2b, K8",TEER
doi10.1038-s41467-024-48910-0_supp-s2b_transwell,unverified_source_series_K,518400,barrier_TEER,58.254,Ohm.cm2,"https://www.nature.com/articles/s41467-024-48910-0 | Source Data, Supp Fig. S2b, K9",TEER
doi10.1038-s41467-024-48910-0_supp-s2b_transwell,unverified_source_series_K,604800,barrier_TEER,103.702,Ohm.cm2,"https://www.nature.com/articles/s41467-024-48910-0 | Source Data, Supp Fig. S2b, K10",TEER
doi10.1038-s41467-024-48910-0_supp-s2b_transwell,unverified_source_series_L,0,barrier_TEER,62.434,Ohm.cm2,"https://www.nature.com/articles/s41467-024-48910-0 | Source Data, Supp Fig. S2b, L3",TEER
doi10.1038-s41467-024-48910-0_supp-s2b_transwell,unverified_source_series_L,86400,barrier_TEER,416.176,Ohm.cm2,"https://www.nature.com/articles/s41467-024-48910-0 | Source Data, Supp Fig. S2b, L4",TEER
doi10.1038-s41467-024-48910-0_supp-s2b_transwell,unverified_source_series_L,259200,barrier_TEER,123.728,Ohm.cm2,"https://www.nature.com/articles/s41467-024-48910-0 | Source Data, Supp Fig. S2b, L6",TEER
doi10.1038-s41467-024-48910-0_supp-s2b_transwell,unverified_source_series_L,345600,barrier_TEER,78.622,Ohm.cm2,"https://www.nature.com/articles/s41467-024-48910-0 | Source Data, Supp Fig. S2b, L7",TEER
doi10.1038-s41467-024-48910-0_supp-s2b_transwell,unverified_source_series_L,432000,barrier_TEER,128.212,Ohm.cm2,"https://www.nature.com/articles/s41467-024-48910-0 | Source Data, Supp Fig. S2b, L8",TEER
doi10.1038-s41467-024-48910-0_supp-s2b_transwell,unverified_source_series_L,518400,barrier_TEER,11.4,Ohm.cm2,"https://www.nature.com/articles/s41467-024-48910-0 | Source Data, Supp Fig. S2b, L9",TEER
doi10.1038-s41467-024-48910-0_supp-s2b_transwell,unverified_source_series_L,604800,barrier_TEER,80.712,Ohm.cm2,"https://www.nature.com/articles/s41467-024-48910-0 | Source Data, Supp Fig. S2b, L10",TEER
doi10.1038-s41467-024-48910-0_supp-s2b_transwell,unverified_source_series_L,691200,barrier_TEER,61.674,Ohm.cm2,"https://www.nature.com/articles/s41467-024-48910-0 | Source Data, Supp Fig. S2b, L11",TEER
doi10.1038-s41467-024-48910-0_supp-s2b_transwell,unverified_source_series_M,0,barrier_TEER,56.886,Ohm.cm2,"https://www.nature.com/articles/s41467-024-48910-0 | Source Data, Supp Fig. S2b, M3",TEER
doi10.1038-s41467-024-48910-0_supp-s2b_transwell,unverified_source_series_M,86400,barrier_TEER,397.708,Ohm.cm2,"https://www.nature.com/articles/s41467-024-48910-0 | Source Data, Supp Fig. S2b, M4",TEER
doi10.1038-s41467-024-48910-0_supp-s2b_transwell,unverified_source_series_M,259200,barrier_TEER,269.496,Ohm.cm2,"https://www.nature.com/articles/s41467-024-48910-0 | Source Data, Supp Fig. S2b, M6",TEER
doi10.1038-s41467-024-48910-0_supp-s2b_transwell,unverified_source_series_M,345600,barrier_TEER,211.85,Ohm.cm2,"https://www.nature.com/articles/s41467-024-48910-0 | Source Data, Supp Fig. S2b, M7",TEER
doi10.1038-s41467-024-48910-0_supp-s2b_transwell,unverified_source_series_M,691200,barrier_TEER,61.37,Ohm.cm2,"https://www.nature.com/articles/s41467-024-48910-0 | Source Data, Supp Fig. S2b, M11",TEER
doi10.1038-s41467-024-48910-0_supp-s2b_transwell,unverified_source_series_N,86400,barrier_TEER,369.322,Ohm.cm2,"https://www.nature.com/articles/s41467-024-48910-0 | Source Data, Supp Fig. S2b, N4",TEER
doi10.1038-s41467-024-48910-0_supp-s2b_transwell,unverified_source_series_N,259200,barrier_TEER,278.73,Ohm.cm2,"https://www.nature.com/articles/s41467-024-48910-0 | Source Data, Supp Fig. S2b, N6",TEER
doi10.1038-s41467-024-48910-0_supp-s2b_transwell,unverified_source_series_N,345600,barrier_TEER,114.646,Ohm.cm2,"https://www.nature.com/articles/s41467-024-48910-0 | Source Data, Supp Fig. S2b, N7",TEER
doi10.1038-s41467-024-48910-0_supp-s2b_transwell,unverified_source_series_N,691200,barrier_TEER,55.86,Ohm.cm2,"https://www.nature.com/articles/s41467-024-48910-0 | Source Data, Supp Fig. S2b, N11",TEER
doi10.1038-s41467-024-48910-0_supp-s2b_transwell,unverified_source_series_O,259200,barrier_TEER,244.074,Ohm.cm2,"https://www.nature.com/articles/s41467-024-48910-0 | Source Data, Supp Fig. S2b, O6",TEER
doi10.1038-s41467-024-48910-0_supp-s2b_transwell,unverified_source_series_O,345600,barrier_TEER,161.842,Ohm.cm2,"https://www.nature.com/articles/s41467-024-48910-0 | Source Data, Supp Fig. S2b, O7",TEER
doi10.1038-s41467-024-48910-0_supp-s2b_transwell,unverified_source_series_O,691200,barrier_TEER,44.84,Ohm.cm2,"https://www.nature.com/articles/s41467-024-48910-0 | Source Data, Supp Fig. S2b, O11",TEER
doi10.1038-s41467-024-48910-0_supp-s2b_transwell,unverified_source_series_P,259200,barrier_TEER,251.446,Ohm.cm2,"https://www.nature.com/articles/s41467-024-48910-0 | Source Data, Supp Fig. S2b, P6",TEER
doi10.1038-s41467-024-48910-0_supp-s2b_transwell,unverified_source_series_Q,259200,barrier_TEER,216.22,Ohm.cm2,"https://www.nature.com/articles/s41467-024-48910-0 | Source Data, Supp Fig. S2b, Q6",TEER
